{
	"pages": [ {
		"path": "pages/index/index",
		"style": {
			"navigationBarBackgroundColor": "#FFFFFF",
			"navigationBarTextStyle": "black",
			"navigationBarTitleText": "首页"
		}
	},{
		"path": "pages/login/login",
		"style": {
			"navigationBarBackgroundColor": "#FFFFFF",
			"navigationBarTextStyle": "black",
			"navigationBarTitleText": "登录"
		}
	}, {
		"path": "pages/register/register",
		"style": {
			"navigationBarBackgroundColor": "#FFFFFF",
			"navigationBarTextStyle": "black",
			"navigationBarTitleText": "注册"
		}
	}, {
		"path": "pages/forget/forget",
		"style": {
			"navigationBarBackgroundColor": "#FFFFFF",
			"navigationBarTextStyle": "black",
			"navigationBarTitleText": "忘记密码"
		}
	}, {
		"path": "pages/center/center",
		"style": {
			"navigationBarBackgroundColor": "#FFFFFF",
			"navigationBarTextStyle": "black",
			"navigationBarTitleText": "我的"
		}
	}, {
		"path": "pages/user-info/user-info",
		"style": {
			"navigationBarBackgroundColor": "#FFFFFF",
			"navigationBarTextStyle": "black",
			"navigationBarTitleText": "用户信息"
		}
	}
	, {
		"path": "pages/chat/chat",
		"style": {
			"navigationBarTitleText": "帮助中心"
		}
	}
	, {
		"path": "pages/news-detail/news-detail",
		"style": {
			"navigationBarBackgroundColor": "#FFFFFF",
			"navigationBarTextStyle": "black",
			"navigationBarTitleText": "资讯详情"
		}
	}
	,{
		"path": "pages/yonghu/list",
		"style": {
			"navigationBarBackgroundColor": "#FFFFFF",
			"navigationBarTextStyle": "black"
		}
	},{
		"path": "pages/yonghu/add-or-update",
		"style": {
			"navigationBarBackgroundColor": "#FFFFFF",
			"navigationBarTextStyle": "black"
		}
	}
	,{
		"path": "pages/yonghu/detail",
		"style": {
			"navigationBarBackgroundColor": "#FFFFFF",
			"navigationBarTextStyle": "black"
		}
	}
	,{
		"path": "pages/yuangong/list",
		"style": {
			"navigationBarBackgroundColor": "#FFFFFF",
			"navigationBarTextStyle": "black"
		}
	},{
		"path": "pages/yuangong/add-or-update",
		"style": {
			"navigationBarBackgroundColor": "#FFFFFF",
			"navigationBarTextStyle": "black"
		}
	}
	,{
		"path": "pages/yuangong/detail",
		"style": {
			"navigationBarBackgroundColor": "#FFFFFF",
			"navigationBarTextStyle": "black"
		}
	}
	,{
		"path": "pages/tingcheyouhui/list",
		"style": {
			"navigationBarBackgroundColor": "#FFFFFF",
			"navigationBarTextStyle": "black"
		}
	},{
		"path": "pages/tingcheyouhui/add-or-update",
		"style": {
			"navigationBarBackgroundColor": "#FFFFFF",
			"navigationBarTextStyle": "black"
		}
	}
	,{
		"path": "pages/tingcheyouhui/detail",
		"style": {
			"navigationBarBackgroundColor": "#FFFFFF",
			"navigationBarTextStyle": "black"
		}
	}
	,{
		"path": "pages/cheweixinxi/list",
		"style": {
			"navigationBarBackgroundColor": "#FFFFFF",
			"navigationBarTextStyle": "black"
		}
	},{
		"path": "pages/cheweixinxi/add-or-update",
		"style": {
			"navigationBarBackgroundColor": "#FFFFFF",
			"navigationBarTextStyle": "black"
		}
	}
	,{
		"path": "pages/cheweixinxi/detail",
		"style": {
			"navigationBarBackgroundColor": "#FFFFFF",
			"navigationBarTextStyle": "black"
		}
	}
	,{
		"path": "pages/cheweiyuyue/list",
		"style": {
			"navigationBarBackgroundColor": "#FFFFFF",
			"navigationBarTextStyle": "black"
		}
	},{
		"path": "pages/cheweiyuyue/add-or-update",
		"style": {
			"navigationBarBackgroundColor": "#FFFFFF",
			"navigationBarTextStyle": "black"
		}
	}
	,{
		"path": "pages/cheweiyuyue/detail",
		"style": {
			"navigationBarBackgroundColor": "#FFFFFF",
			"navigationBarTextStyle": "black"
		}
	}
	,{
		"path": "pages/jinchangtingche/list",
		"style": {
			"navigationBarBackgroundColor": "#FFFFFF",
			"navigationBarTextStyle": "black"
		}
	},{
		"path": "pages/jinchangtingche/add-or-update",
		"style": {
			"navigationBarBackgroundColor": "#FFFFFF",
			"navigationBarTextStyle": "black"
		}
	}
	,{
		"path": "pages/jinchangtingche/detail",
		"style": {
			"navigationBarBackgroundColor": "#FFFFFF",
			"navigationBarTextStyle": "black"
		}
	}
	,{
		"path": "pages/jiesuanlichang/list",
		"style": {
			"navigationBarBackgroundColor": "#FFFFFF",
			"navigationBarTextStyle": "black"
		}
	},{
		"path": "pages/jiesuanlichang/add-or-update",
		"style": {
			"navigationBarBackgroundColor": "#FFFFFF",
			"navigationBarTextStyle": "black"
		}
	}
	,{
		"path": "pages/jiesuanlichang/detail",
		"style": {
			"navigationBarBackgroundColor": "#FFFFFF",
			"navigationBarTextStyle": "black"
		}
	}
	,{
		"path": "pages/fankuijilu/list",
		"style": {
			"navigationBarBackgroundColor": "#FFFFFF",
			"navigationBarTextStyle": "black"
		}
	},{
		"path": "pages/fankuijilu/add-or-update",
		"style": {
			"navigationBarBackgroundColor": "#FFFFFF",
			"navigationBarTextStyle": "black"
		}
	}
	,{
		"path": "pages/fankuijilu/detail",
		"style": {
			"navigationBarBackgroundColor": "#FFFFFF",
			"navigationBarTextStyle": "black"
		}
	}
	,{
		"path": "pages/newstype/list",
		"style": {
			"navigationBarBackgroundColor": "#FFFFFF",
			"navigationBarTextStyle": "black"
		}
	},{
		"path": "pages/newstype/add-or-update",
		"style": {
			"navigationBarBackgroundColor": "#FFFFFF",
			"navigationBarTextStyle": "black"
		}
	}
	,{
		"path": "pages/newstype/detail",
		"style": {
			"navigationBarBackgroundColor": "#FFFFFF",
			"navigationBarTextStyle": "black"
		}
	}
	,{
		"path": "pages/news/list",
		"style": {
			"navigationBarBackgroundColor": "#FFFFFF",
			"navigationBarTextStyle": "black"
		}
	},{
		"path": "pages/news/add-or-update",
		"style": {
			"navigationBarBackgroundColor": "#FFFFFF",
			"navigationBarTextStyle": "black"
		}
	}
	,{
		"path": "pages/storeup/list",
		"style": {
			"navigationBarBackgroundColor": "#FFFFFF",
			"navigationBarTextStyle": "black"
		}
	},{
		"path": "pages/storeup/add-or-update",
		"style": {
			"navigationBarBackgroundColor": "#FFFFFF",
			"navigationBarTextStyle": "black"
		}
	}
	,{
		"path": "pages/storeup/detail",
		"style": {
			"navigationBarBackgroundColor": "#FFFFFF",
			"navigationBarTextStyle": "black"
		}
	}
	, {
		"path": "pages/pay-confirm/pay-confirm",
		"style": {
			"navigationBarTitleText": "确认支付"
		}
	}
    , {
        "path": "pages/map/index",
        "style": {
            "navigationBarBackgroundColor": "#FFFFFF",
            "navigationBarTextStyle": "black",
            "navigationBarTitleText": "地图"
        }
    }
    ,{
        "path": "common/linkOthers/linkOthers",
        "style": {
			"navigationBarBackgroundColor": "#FFFFFF",
			"navigationBarTextStyle": "black"
        }
    }
	],
	"globalStyle": {
		"navigationBarTextStyle": "black",
		"navigationBarTitleText": "停车场管理系统",
		"navigationBarBackgroundColor": "#F8F8F8",
		"backgroundColor": "#F8F8F8"
	},
	"tabBar": {
		"color": "#000000",
		"selectedColor": "#CE9AD6",
		"borderStyle": "white",
		"backgroundColor": "#FFFFFF",
		"list": [{
				"pagePath": "pages/index/index",
				"iconPath": "static/tabs/index.png",
				"selectedIconPath": "static/tabs/index1.png",
				"text": "首页"
			}
			

			,{
				"pagePath": "pages/tingcheyouhui/list",
				"iconPath": "/static/tabs/icon1.png",
				"selectedIconPath": "/static/tabs/icon1_act.png",
				"text": "停车优惠"
			}
			,{
				"pagePath": "pages/cheweixinxi/list",
				"iconPath": "/static/tabs/icon2.png",
				"selectedIconPath": "/static/tabs/icon2_act.png",
				"text": "车位信息"
			}




            , {
                "pagePath": "pages/map/index",
                "iconPath": "/static/tabs/map.png",
                "selectedIconPath": "/static/tabs/map_act.png",
                "text": "地图"
            }

			,{
				"pagePath": "pages/center/center",
				"iconPath": "static/tabs/mine.png",
				"selectedIconPath": "static/tabs/mine1.png",
				"text": "我的"
			}
		]
	}
}
