<?xml version="1.0" encoding="UTF-8"?>
<!DOCTYPE mapper PUBLIC "-//mybatis.org//DTD Mapper 3.0//EN" "http://mybatis.org/dtd/mybatis-3-mapper.dtd">

<mapper namespace="com.dao.CheweiyuyueDao">

	<!-- 可根据自己的需求，是否要使用 -->
    <resultMap type="com.entity.CheweiyuyueEntity" id="cheweiyuyueMap">
        <result property="cheweibianhao" column="cheweibianhao"/>
        <result property="chechangmingcheng" column="chechangmingcheng"/>
        <result property="cheweimingcheng" column="cheweimingcheng"/>
        <result property="cheliangleixing" column="cheliangleixing"/>
        <result property="cheweiweizhi" column="cheweiweizhi"/>
        <result property="shoufeibiaozhun" column="shoufeibiaozhun"/>
        <result property="yonghuzhanghao" column="yonghuzhanghao"/>
        <result property="yonghuxingming" column="yonghuxingming"/>
        <result property="yuyueshijian" column="yuyueshijian"/>
        <result property="chepaihaoma" column="chepaihaoma"/>
        <result property="chepaizhao" column="chepaizhao"/>
    </resultMap>

	<select id="selectListVO"
		resultType="com.entity.vo.CheweiyuyueVO" >
		SELECT * FROM cheweiyuyue  cheweiyuyue         
        <where> 1=1 ${ew.sqlSegment}</where>
	</select>
	
	<select id="selectVO"
		resultType="com.entity.vo.CheweiyuyueVO" >
		SELECT  cheweiyuyue.* FROM cheweiyuyue  cheweiyuyue 	
 		<where> 1=1 ${ew.sqlSegment}</where>
	</select>

    <select id="selectListView"
		resultType="com.entity.view.CheweiyuyueView" >

		SELECT  cheweiyuyue.* FROM cheweiyuyue  cheweiyuyue 	        
        <where> 1=1 ${ew.sqlSegment}</where>
	</select>
	
	<select id="selectView"
		resultType="com.entity.view.CheweiyuyueView" >
		SELECT * FROM cheweiyuyue  cheweiyuyue <where> 1=1 ${ew.sqlSegment}</where>
	</select>
	


</mapper>
