<?xml version="1.0" encoding="UTF-8"?>
<!DOCTYPE mapper PUBLIC "-//mybatis.org//DTD Mapper 3.0//EN" "http://mybatis.org/dtd/mybatis-3-mapper.dtd">

<mapper namespace="com.dao.FankuijiluDao">

	<!-- 可根据自己的需求，是否要使用 -->
    <resultMap type="com.entity.FankuijiluEntity" id="fankuijiluMap">
        <result property="yonghuzhanghao" column="yonghuzhanghao"/>
        <result property="yonghuxingming" column="yonghuxingming"/>
        <result property="fankuibianhao" column="fankuibianhao"/>
        <result property="pingjiaxingji" column="pingjiaxingji"/>
        <result property="fankuineirong" column="fankuineirong"/>
        <result property="fankuishijian" column="fankuishijian"/>
        <result property="tupian" column="tupian"/>
        <result property="shhf" column="shhf"/>
    </resultMap>

	<select id="selectListVO"
		resultType="com.entity.vo.FankuijiluVO" >
		SELECT * FROM fankuijilu  fankuijilu         
        <where> 1=1 ${ew.sqlSegment}</where>
	</select>
	
	<select id="selectVO"
		resultType="com.entity.vo.FankuijiluVO" >
		SELECT  fankuijilu.* FROM fankuijilu  fankuijilu 	
 		<where> 1=1 ${ew.sqlSegment}</where>
	</select>

    <select id="selectListView"
		resultType="com.entity.view.FankuijiluView" >

		SELECT  fankuijilu.* FROM fankuijilu  fankuijilu 	        
        <where> 1=1 ${ew.sqlSegment}</where>
	</select>
	
	<select id="selectView"
		resultType="com.entity.view.FankuijiluView" >
		SELECT * FROM fankuijilu  fankuijilu <where> 1=1 ${ew.sqlSegment}</where>
	</select>
	


</mapper>
