<?xml version="1.0" encoding="UTF-8"?>
<!DOCTYPE mapper PUBLIC "-//mybatis.org//DTD Mapper 3.0//EN" "http://mybatis.org/dtd/mybatis-3-mapper.dtd">

<mapper namespace="com.dao.JiesuanlichangDao">

	<!-- 可根据自己的需求，是否要使用 -->
    <resultMap type="com.entity.JiesuanlichangEntity" id="jiesuanlichangMap">
        <result property="cheweibianhao" column="cheweibianhao"/>
        <result property="chechangmingcheng" column="chechangmingcheng"/>
        <result property="cheweimingcheng" column="cheweimingcheng"/>
        <result property="cheliangleixing" column="cheliangleixing"/>
        <result property="cheweiweizhi" column="cheweiweizhi"/>
        <result property="shoufeibiaozhun" column="shoufeibiaozhun"/>
        <result property="tingcheshizhang" column="tingcheshizhang"/>
        <result property="tingchefeiyong" column="tingchefeiyong"/>
        <result property="chepaihaoma" column="chepaihaoma"/>
        <result property="yonghuzhanghao" column="yonghuzhanghao"/>
        <result property="yonghuxingming" column="yonghuxingming"/>
        <result property="chepaizhao" column="chepaizhao"/>
        <result property="crossuserid" column="crossuserid"/>
        <result property="crossrefid" column="crossrefid"/>
        <result property="ispay" column="ispay"/>
    </resultMap>

	<select id="selectListVO"
		resultType="com.entity.vo.JiesuanlichangVO" >
		SELECT * FROM jiesuanlichang  jiesuanlichang         
        <where> 1=1 ${ew.sqlSegment}</where>
	</select>
	
	<select id="selectVO"
		resultType="com.entity.vo.JiesuanlichangVO" >
		SELECT  jiesuanlichang.* FROM jiesuanlichang  jiesuanlichang 	
 		<where> 1=1 ${ew.sqlSegment}</where>
	</select>

    <select id="selectListView"
		resultType="com.entity.view.JiesuanlichangView" >

		SELECT  jiesuanlichang.* FROM jiesuanlichang  jiesuanlichang 	        
        <where> 1=1 ${ew.sqlSegment}</where>
	</select>
	
	<select id="selectView"
		resultType="com.entity.view.JiesuanlichangView" >
		SELECT * FROM jiesuanlichang  jiesuanlichang <where> 1=1 ${ew.sqlSegment}</where>
	</select>
	


</mapper>
