<?xml version="1.0" encoding="UTF-8"?>
<!DOCTYPE mapper PUBLIC "-//mybatis.org//DTD Mapper 3.0//EN" "http://mybatis.org/dtd/mybatis-3-mapper.dtd">

<mapper namespace="com.dao.JinchangtingcheDao">

	<!-- 可根据自己的需求，是否要使用 -->
    <resultMap type="com.entity.JinchangtingcheEntity" id="jinchangtingcheMap">
        <result property="cheweibianhao" column="cheweibianhao"/>
        <result property="chechangmingcheng" column="chechangmingcheng"/>
        <result property="cheweimingcheng" column="cheweimingcheng"/>
        <result property="cheliangleixing" column="cheliangleixing"/>
        <result property="cheweiweizhi" column="cheweiweizhi"/>
        <result property="shoufeibiaozhun" column="shoufeibiaozhun"/>
        <result property="yonghuzhanghao" column="yonghuzhanghao"/>
        <result property="yonghuxingming" column="yonghuxingming"/>
        <result property="tingcheshijian" column="tingcheshijian"/>
        <result property="chepaihaoma" column="chepaihaoma"/>
        <result property="chepaizhao" column="chepaizhao"/>
        <result property="crossuserid" column="crossuserid"/>
        <result property="crossrefid" column="crossrefid"/>
    </resultMap>

	<select id="selectListVO"
		resultType="com.entity.vo.JinchangtingcheVO" >
		SELECT * FROM jinchangtingche  jinchangtingche         
        <where> 1=1 ${ew.sqlSegment}</where>
	</select>
	
	<select id="selectVO"
		resultType="com.entity.vo.JinchangtingcheVO" >
		SELECT  jinchangtingche.* FROM jinchangtingche  jinchangtingche 	
 		<where> 1=1 ${ew.sqlSegment}</where>
	</select>

    <select id="selectListView"
		resultType="com.entity.view.JinchangtingcheView" >

		SELECT  jinchangtingche.* FROM jinchangtingche  jinchangtingche 	        
        <where> 1=1 ${ew.sqlSegment}</where>
	</select>
	
	<select id="selectView"
		resultType="com.entity.view.JinchangtingcheView" >
		SELECT * FROM jinchangtingche  jinchangtingche <where> 1=1 ${ew.sqlSegment}</where>
	</select>
	


</mapper>
