<?xml version="1.0" encoding="UTF-8"?>
<!DOCTYPE mapper PUBLIC "-//mybatis.org//DTD Mapper 3.0//EN" "http://mybatis.org/dtd/mybatis-3-mapper.dtd">

<mapper namespace="com.dao.TingcheyouhuiDao">

	<!-- 可根据自己的需求，是否要使用 -->
    <resultMap type="com.entity.TingcheyouhuiEntity" id="tingcheyouhuiMap">
        <result property="chechangmingcheng" column="chechangmingcheng"/>
        <result property="chechangleixing" column="chechangleixing"/>
        <result property="fengmian" column="fengmian"/>
        <result property="weizhi" column="weizhi"/>
        <result property="zixundianhua" column="zixundianhua"/>
        <result property="cheweishuliang" column="cheweishuliang"/>
        <result property="beizhu" column="beizhu"/>
        <result property="tingcheyouhui" column="tingcheyouhui"/>
    </resultMap>

	<select id="selectListVO"
		resultType="com.entity.vo.TingcheyouhuiVO" >
		SELECT * FROM tingcheyouhui  tingcheyouhui         
        <where> 1=1 ${ew.sqlSegment}</where>
	</select>
	
	<select id="selectVO"
		resultType="com.entity.vo.TingcheyouhuiVO" >
		SELECT  tingcheyouhui.* FROM tingcheyouhui  tingcheyouhui 	
 		<where> 1=1 ${ew.sqlSegment}</where>
	</select>

    <select id="selectListView"
		resultType="com.entity.view.TingcheyouhuiView" >

		SELECT  tingcheyouhui.* FROM tingcheyouhui  tingcheyouhui 	        
        <where> 1=1 ${ew.sqlSegment}</where>
	</select>
	
	<select id="selectView"
		resultType="com.entity.view.TingcheyouhuiView" >
		SELECT * FROM tingcheyouhui  tingcheyouhui <where> 1=1 ${ew.sqlSegment}</where>
	</select>
	


</mapper>
